GEO.id,GEO.id2,GEO.display-label,HD01_VD01,HD02_VD01,HD01_VD02,HD02_VD02,HD01_VD03,HD02_VD03,HD01_VD04,HD02_VD04,HD01_VD05,HD02_VD05,HD01_VD06,HD02_VD06,HD01_VD07,HD02_VD07,HD01_VD08,HD02_VD08,HD01_VD09,HD02_VD09,HD01_VD10,HD02_VD10,HD01_VD11,HD02_VD11,HD01_VD12,HD02_VD12,HD01_VD13,HD02_VD13,HD01_VD14,HD02_VD14,HD01_VD15,HD02_VD15,HD01_VD16,HD02_VD16,HD01_VD17,HD02_VD17,HD01_VD18,HD02_VD18,HD01_VD19,HD02_VD19,HD01_VD20,HD02_VD20,HD01_VD21,HD02_VD21,HD01_VD22,HD02_VD22,HD01_VD23,HD02_VD23,HD01_VD24,HD02_VD24,HD01_VD25,HD02_VD25,HD01_VD26,HD02_VD26,HD01_VD27,HD02_VD27,HD01_VD28,HD02_VD28,HD01_VD29,HD02_VD29,HD01_VD30,HD02_VD30,HD01_VD31,HD02_VD31,HD01_VD32,HD02_VD32,HD01_VD33,HD02_VD33,HD01_VD34,HD02_VD34,HD01_VD35,HD02_VD35
Id,Id2,Geography,Estimate; Total:,Margin of Error; Total:,Estimate; Male:,Margin of Error; Male:,Estimate; Male: - No schooling completed,Margin of Error; Male: - No schooling completed,Estimate; Male: - Nursery to 4th grade,Margin of Error; Male: - Nursery to 4th grade,Estimate; Male: - 5th and 6th grade,Margin of Error; Male: - 5th and 6th grade,Estimate; Male: - 7th and 8th grade,Margin of Error; Male: - 7th and 8th grade,Estimate; Male: - 9th grade,Margin of Error; Male: - 9th grade,Estimate; Male: - 10th grade,Margin of Error; Male: - 10th grade,Estimate; Male: - 11th grade,Margin of Error; Male: - 11th grade,"Estimate; Male: - 12th grade, no diploma","Margin of Error; Male: - 12th grade, no diploma",Estimate; Male: - High school graduate (includes equivalency),Margin of Error; Male: - High school graduate (includes equivalency),"Estimate; Male: - Some college, less than 1 year","Margin of Error; Male: - Some college, less than 1 year","Estimate; Male: - Some college, 1 or more years, no degree","Margin of Error; Male: - Some college, 1 or more years, no degree",Estimate; Male: - Associate's degree,Margin of Error; Male: - Associate's degree,Estimate; Male: - Bachelor's degree,Margin of Error; Male: - Bachelor's degree,Estimate; Male: - Master's degree,Margin of Error; Male: - Master's degree,Estimate; Male: - Professional school degree,Margin of Error; Male: - Professional school degree,Estimate; Male: - Doctorate degree,Margin of Error; Male: - Doctorate degree,Estimate; Female:,Margin of Error; Female:,Estimate; Female: - No schooling completed,Margin of Error; Female: - No schooling completed,Estimate; Female: - Nursery to 4th grade,Margin of Error; Female: - Nursery to 4th grade,Estimate; Female: - 5th and 6th grade,Margin of Error; Female: - 5th and 6th grade,Estimate; Female: - 7th and 8th grade,Margin of Error; Female: - 7th and 8th grade,Estimate; Female: - 9th grade,Margin of Error; Female: - 9th grade,Estimate; Female: - 10th grade,Margin of Error; Female: - 10th grade,Estimate; Female: - 11th grade,Margin of Error; Female: - 11th grade,"Estimate; Female: - 12th grade, no diploma","Margin of Error; Female: - 12th grade, no diploma",Estimate; Female: - High school graduate (includes equivalency),Margin of Error; Female: - High school graduate (includes equivalency),"Estimate; Female: - Some college, less than 1 year","Margin of Error; Female: - Some college, less than 1 year","Estimate; Female: - Some college, 1 or more years, no degree","Margin of Error; Female: - Some college, 1 or more years, no degree",Estimate; Female: - Associate's degree,Margin of Error; Female: - Associate's degree,Estimate; Female: - Bachelor's degree,Margin of Error; Female: - Bachelor's degree,Estimate; Female: - Master's degree,Margin of Error; Female: - Master's degree,Estimate; Female: - Professional school degree,Margin of Error; Female: - Professional school degree,Estimate; Female: - Doctorate degree,Margin of Error; Female: - Doctorate degree
0400000US09,09,Connecticut,2466129,406,1174534,335,11594,755,7422,760,13743,1074,17612,893,13975,945,19057,1077,19075,975,18387,920,334909,3811,59033,1913,141048,2755,72499,1827,251000,2791,129588,2165,41223,1112,24369,895,1291595,299,12721,783,8146,648,13008,1021,19033,1096,14790,848,18761,1019,18965,890,16643,860,338311,2752,70806,1866,156345,2650,111927,2074,273370,3128,170978,2658,31320,1279,16471,857
0600000US0900100000,0900100000,"County subdivisions not defined, Fairfield County, Connecticut",0,12,0,12,0,12,0,12,0,12,0,12,0,12,0,12,0,12,0,12,0,12,0,12,0,12,0,12,0,12,0,12,0,12,0,12,0,12,0,12,0,12,0,12,0,12,0,12,0,12,0,12,0,12,0,12,0,12,0,12,0,12,0,12,0,12,0,12,0,12
0600000US0900104720,0900104720,"Bethel town, Fairfield County, Connecticut",13549,256,6367,232,35,33,9,13,44,45,25,37,22,25,88,52,81,48,200,82,1541,239,277,116,968,216,391,100,1613,239,897,189,93,61,83,58,7182,245,38,30,8,13,0,19,100,81,9,14,12,14,24,27,102,52,1701,252,510,174,836,157,557,139,2019,243,1025,204,181,86,60,30
0600000US0900108070,0900108070,"Bridgeport town, Fairfield County, Connecticut",93611,867,43947,936,1061,200,1041,277,1980,325,1465,288,1370,306,1322,263,1542,260,1267,261,15243,819,2279,325,5895,479,1880,325,4692,492,2064,355,481,128,365,141,49664,829,1117,212,840,201,1493,248,1844,303,1632,256,1415,231,1810,249,932,167,15547,587,2939,374,7430,557,3539,412,5913,465,2486,339,401,131,326,139
0600000US0900108980,0900108980,"Brookfield town, Fairfield County, Connecticut",11544,413,5613,289,14,19,0,19,7,11,33,32,27,30,77,72,84,63,104,74,999,217,347,122,748,213,462,139,1769,243,666,150,125,67,151,71,5931,262,7,11,9,14,0,19,52,59,0,19,18,20,21,25,52,36,1363,203,462,128,484,138,570,144,1777,240,874,160,164,82,78,54
0600000US0900118500,0900118500,"Danbury town, Fairfield County, Connecticut",57401,817,28091,757,455,144,609,236,1524,420,886,295,370,146,450,197,297,123,612,177,8440,695,1476,290,3147,394,1369,249,5223,524,2373,313,635,163,225,78,29310,606,491,156,596,232,842,239,666,217,379,145,507,167,364,152,549,164,8824,660,1475,232,3320,425,1906,337,4991,499,3526,380,607,169,267,98
0600000US0900118850,0900118850,"Darien town, Fairfield County, Connecticut",12913,256,6132,180,1,2,10,15,22,29,0,22,13,21,10,15,23,19,65,43,431,123,36,32,194,69,107,53,2772,227,1776,206,548,95,124,54,6781,176,12,18,8,12,41,61,10,15,0,22,0,22,9,12,31,28,691,138,181,71,459,115,297,86,3035,232,1677,181,266,80,64,37
0600000US0900123890,0900123890,"Easton town, Fairfield County, Connecticut",5390,211,2643,155,2,4,13,21,16,18,29,26,41,50,13,20,60,40,19,23,425,125,83,47,277,88,133,58,881,145,376,95,241,75,34,30,2747,118,10,15,14,21,19,25,24,22,0,17,6,9,9,14,68,49,443,112,94,36,390,107,177,67,847,158,454,125,148,63,44,27
0600000US0900126620,0900126620,"Fairfield town, Fairfield County, Connecticut",38520,485,18155,431,88,50,36,25,34,28,176,87,56,47,95,55,125,60,144,65,2605,307,590,137,1577,235,713,181,6635,387,3518,301,1311,185,452,104,20365,397,87,68,38,29,92,47,150,65,142,83,90,44,147,66,121,48,3609,355,869,161,1709,194,1247,198,6604,378,4148,297,994,137,318,91
0600000US0900133620,0900133620,"Greenwich town, Fairfield County, Connecticut",42704,581,19987,429,62,41,16,26,148,74,153,71,70,57,74,54,101,63,248,122,3001,336,318,109,1390,250,736,163,6282,439,4941,347,1826,250,621,140,22717,529,145,67,37,39,231,105,228,111,65,43,131,71,255,100,138,61,3210,371,691,140,2099,255,1264,205,7928,447,4725,350,1125,179,445,106
0600000US0900148620,0900148620,"Monroe town, Fairfield County, Connecticut",13372,376,6173,279,31,45,18,29,0,19,127,65,39,42,43,46,18,22,36,39,1182,258,263,151,526,192,534,153,1884,291,1055,200,299,117,118,74,7199,278,78,63,16,25,12,19,39,43,13,20,40,45,87,72,31,34,1545,226,290,124,842,234,652,163,2280,312,1127,262,142,84,5,11
0600000US0900150580,0900150580,"New Canaan town, Fairfield County, Connecticut",12963,292,6188,237,0,22,45,58,22,33,0,22,16,25,2,6,18,20,52,45,428,165,81,52,384,143,177,107,2325,257,1818,227,678,148,142,65,6775,231,14,23,9,14,0,22,20,25,2,4,20,20,17,27,66,58,637,160,186,77,398,136,294,92,2978,289,1647,220,374,106,113,55
0600000US0900150860,0900150860,"New Fairfield town, Fairfield County, Connecticut",9342,234,4723,184,35,27,0,19,14,21,30,27,32,25,7,11,55,48,49,35,1135,155,243,80,595,155,311,95,1248,160,746,135,149,68,74,37,4619,173,24,23,0,19,10,15,0,19,6,11,0,19,12,19,91,46,1018,182,257,76,628,148,451,115,1225,173,781,142,80,46,36,29
0600000US0900152980,0900152980,"Newtown town, Fairfield County, Connecticut",18906,330,9271,325,74,105,33,41,8,12,51,35,30,19,94,52,90,53,127,69,1696,241,392,105,1072,225,523,134,2741,264,1597,168,510,118,233,88,9635,280,45,40,30,34,2,4,18,20,67,48,59,41,39,37,21,26,1845,259,403,120,1006,201,722,181,3120,295,1802,221,378,120,78,40
0600000US0900156060,0900156060,"Norwalk town, Fairfield County, Connecticut",61864,749,29173,808,238,97,249,129,833,324,534,200,395,161,443,170,338,131,478,123,7197,556,1101,204,3859,508,1479,269,7296,472,3334,318,1054,215,345,118,32691,610,309,96,225,98,778,207,477,158,416,180,475,172,515,163,466,169,7091,516,1469,260,4156,443,2627,319,8051,548,4335,392,1024,222,277,91
0600000US0900163480,0900163480,"Redding town, Fairfield County, Connecticut",6494,207,3145,192,0,17,21,46,0,17,25,38,0,17,0,17,22,46,0,17,426,157,146,59,231,77,156,76,1016,163,646,111,359,115,97,56,3349,152,0,17,0,17,0,17,0,17,19,24,0,17,0,17,9,15,388,113,62,45,407,107,179,64,1194,179,870,147,127,57,94,50
0600000US0900163970,0900163970,"Ridgefield town, Fairfield County, Connecticut",16559,325,7866,241,16,18,19,29,0,22,18,23,6,9,17,27,27,27,16,25,518,178,192,87,558,144,270,125,3377,329,2006,247,585,133,241,93,8693,238,29,36,46,51,0,22,49,45,6,10,23,34,45,35,41,35,795,159,162,58,797,175,547,126,3172,278,2133,246,614,157,234,80
0600000US0900168170,0900168170,"Shelton town, Fairfield County, Connecticut",29805,434,14190,417,149,77,23,37,11,16,65,46,188,116,162,80,198,99,194,74,4054,413,798,183,1716,298,975,236,3332,378,1712,260,308,109,305,111,15615,367,90,58,28,28,69,81,186,83,89,61,171,80,174,84,149,68,4425,379,802,190,1640,254,1455,234,3696,375,2041,274,429,131,171,100
0600000US0900168310,0900168310,"Sherman town, Fairfield County, Connecticut",2600,113,1314,79,0,12,0,12,0,12,14,21,0,12,12,17,8,14,0,12,266,88,87,41,219,81,124,59,313,87,179,70,61,33,31,26,1286,81,0,12,0,12,0,12,0,12,0,12,0,12,8,12,7,12,278,77,50,37,116,56,134,56,373,94,239,65,65,38,16,17
0600000US0900173070,0900173070,"Stamford town, Fairfield County, Connecticut",89529,1042,43302,917,419,142,684,275,1167,271,996,310,624,214,370,149,433,160,672,229,9021,675,1246,243,4895,576,2005,332,11264,603,6174,399,2121,272,1211,252,46227,855,434,155,511,194,1139,314,499,177,320,128,436,169,520,133,583,163,10003,677,1758,297,5641,550,2834,369,12344,715,7190,550,1314,224,701,209
0600000US0900174190,0900174190,"Stratford town, Fairfield County, Connecticut",38290,544,17105,501,117,58,112,77,203,117,295,152,126,74,260,108,214,118,333,106,5740,415,819,167,2063,295,1141,222,3479,337,1698,235,364,113,141,65,21185,493,260,105,118,75,272,113,218,92,167,89,247,117,282,126,311,109,6508,403,1304,203,2523,289,1965,297,4287,429,2234,231,299,113,190,74
0600000US0900177200,0900177200,"Trumbull town, Fairfield County, Connecticut",24477,359,11574,319,33,25,19,21,34,30,143,69,65,41,103,50,73,60,125,78,2252,303,490,133,1277,234,710,184,3239,310,2076,216,642,168,293,89,12903,278,67,53,14,18,77,49,128,68,116,84,96,57,161,72,126,59,2714,296,428,124,1524,229,1056,211,3494,392,2508,246,251,109,143,60
0600000US0900183430,0900183430,"Weston town, Fairfield County, Connecticut",6588,185,3219,141,7,11,16,24,9,13,0,19,0,19,11,17,0,19,12,19,154,71,78,51,81,48,17,20,1331,154,827,141,559,133,117,56,3369,111,0,19,0,19,9,14,0,19,0,19,0,19,8,11,8,13,279,94,60,40,240,83,95,48,1460,174,924,168,214,78,72,35
0600000US0900183500,0900183500,"Westport town, Fairfield County, Connecticut",18124,286,8485,289,26,28,0,22,7,15,7,10,1,3,11,17,40,45,36,38,728,173,174,80,491,144,199,79,3019,259,2336,256,1032,182,378,115,9639,224,6,9,0,22,5,13,43,48,17,20,7,12,35,41,8,12,1148,186,133,59,689,142,367,108,3881,259,2620,259,535,122,145,60
0600000US0900186370,0900186370,"Wilton town, Fairfield County, Connecticut",11847,294,5674,190,47,38,6,10,12,17,15,18,6,15,17,21,13,13,8,12,217,73,123,60,361,78,226,104,2182,196,1633,169,596,110,212,77,6173,181,21,20,7,10,6,13,13,14,6,13,0,19,0,19,17,18,528,118,198,85,454,137,451,122,2507,261,1374,169,470,102,121,54
0600000US0900302060,0900302060,"Avon town, Hartford County, Connecticut",12969,216,5956,184,37,39,0,19,24,29,12,19,16,24,7,17,19,24,21,24,511,151,129,79,281,92,369,122,2292,251,1407,173,562,126,269,92,7013,213,17,22,20,26,2,4,32,38,37,39,39,39,39,37,21,23,745,168,293,100,514,139,776,201,2779,237,1288,213,221,78,190,99
0600000US0900304300,0900304300,"Berlin town, Hartford County, Connecticut",15101,314,7362,265,155,87,0,22,20,31,104,105,28,30,68,55,26,34,82,56,2302,313,458,185,764,204,587,210,1812,243,606,156,239,94,111,77,7739,325,125,67,48,59,33,36,39,39,95,70,37,43,118,89,24,27,2062,320,413,136,735,203,852,198,1984,250,903,214,217,95,54,50
0600000US0900305910,0900305910,"Bloomfield town, Hartford County, Connecticut",16085,355,7151,351,50,60,25,35,68,62,81,51,65,47,174,104,35,32,171,72,2368,347,390,158,902,227,401,132,1304,262,692,186,243,96,182,106,8934,325,35,32,25,26,28,27,93,53,137,79,155,93,124,75,140,79,2174,289,567,166,1293,282,931,218,1759,277,1204,234,220,89,49,44
0600000US0900308490,0900308490,"Bristol town, Hartford County, Connecticut",43131,731,20764,648,190,123,145,102,129,95,375,126,257,111,413,171,432,156,459,171,7585,545,1276,272,2775,339,1209,217,4082,485,1213,195,124,55,100,57,22367,581,190,88,84,49,261,127,563,253,270,99,362,130,353,134,253,101,7628,482,1684,292,2440,340,2388,379,3813,382,1677,251,269,95,132,66
0600000US0900310100,0900310100,"Burlington town, Hartford County, Connecticut",6482,169,3118,133,0,17,0,17,4,9,4,10,8,13,31,35,0,17,19,21,759,136,197,72,440,123,234,67,835,134,361,90,157,70,69,48,3364,134,18,25,9,13,0,17,21,23,0,17,13,16,8,12,44,28,690,151,136,57,435,108,335,92,981,153,547,131,98,45,29,23
0600000US0900312270,0900312270,"Canton town, Hartford County, Connecticut",7518,236,3699,227,17,27,7,12,26,38,24,32,10,16,27,31,34,39,24,29,714,165,218,102,470,143,190,84,1082,195,496,172,207,84,153,95,3819,193,21,24,0,19,0,19,24,33,0,19,7,11,42,25,0,19,692,168,228,108,436,125,355,133,979,180,840,195,147,91,48,42
0600000US0900322070,0900322070,"East Granby town, Hartford County, Connecticut",3755,139,1751,130,0,17,0,17,0,17,55,35,15,25,25,29,0,17,22,36,262,116,180,80,172,90,137,82,458,131,350,137,58,51,17,27,2004,139,0,17,0,17,0,17,0,17,0,17,0,17,22,31,0,17,460,143,65,55,115,71,250,124,685,145,315,120,92,67,0,17
0600000US0900322630,0900322630,"East Hartford town, Hartford County, Connecticut",34706,617,16269,615,209,92,144,83,224,126,359,142,546,198,292,105,448,165,487,169,6312,509,829,172,2311,326,1151,190,1916,254,790,203,148,70,103,53,18437,545,306,112,321,212,121,51,519,135,362,131,421,190,321,105,318,115,5873,492,1329,240,3229,536,1871,319,2190,329,1058,202,143,48,55,41
0600000US0900324800,0900324800,"East Windsor town, Hartford County, Connecticut",8638,446,3879,315,34,38,0,19,5,11,39,32,36,33,17,23,55,71,55,43,1468,251,219,81,414,169,460,162,675,158,328,153,74,52,0,19,4759,331,17,23,19,30,20,34,42,38,27,31,61,50,69,78,24,29,1543,221,273,104,663,185,380,144,819,209,692,222,75,62,35,56
0600000US0900325990,0900325990,"Enfield town, Hartford County, Connecticut",32141,542,16901,581,63,50,40,47,107,61,216,88,191,75,407,108,581,144,310,106,6611,458,1254,238,2299,316,1283,196,2408,296,876,164,194,76,61,37,15240,457,56,33,101,95,27,31,96,68,114,55,252,90,251,84,197,67,5342,395,1048,160,1920,243,1405,184,2597,245,1529,187,262,94,43,35
0600000US0900327600,0900327600,"Farmington town, Hartford County, Connecticut",18075,366,8751,304,63,36,41,38,43,54,39,24,27,38,54,40,19,21,115,67,1673,232,451,136,684,143,446,113,2604,271,1465,204,672,134,355,129,9324,241,80,44,15,19,9,14,74,49,70,78,35,29,41,33,47,38,1659,222,590,163,839,167,686,137,2339,242,2082,256,481,107,277,95
0600000US0900331240,0900331240,"Glastonbury town, Hartford County, Connecticut",24236,338,11360,340,37,31,0,25,47,46,22,22,29,26,116,96,59,61,39,30,1764,238,436,106,1186,205,382,128,3282,270,2521,280,1053,213,387,108,12876,333,112,60,0,25,19,21,116,64,133,70,82,68,55,49,95,52,2034,285,469,146,1208,193,1198,210,3596,289,2744,266,737,154,278,103
0600000US0900332640,0900332640,"Granby town, Hartford County, Connecticut",7996,196,3903,170,0,19,8,18,0,19,35,39,0,19,36,39,0,19,34,28,768,196,127,68,369,135,369,118,1475,212,593,132,54,33,35,30,4093,120,0,19,0,19,0,19,0,19,9,14,27,43,52,49,13,21,649,147,268,109,443,132,300,104,1391,223,804,190,61,38,76,53
0600000US0900337070,0900337070,"Hartford town, Hartford County, Connecticut",74074,940,34477,875,886,188,802,180,1271,325,1381,273,1084,208,1715,310,1666,312,1010,195,11397,721,1358,250,4453,514,1720,343,3558,352,1245,200,758,205,173,84,39597,710,1114,236,1026,183,1223,235,1828,271,1660,297,1452,243,1560,205,982,198,11436,666,1724,250,6370,487,2583,330,3832,466,2064,261,555,124,188,94
0600000US0900337140,0900337140,"Hartland town, Hartford County, Connecticut",1539,86,722,53,0,12,0,12,3,4,0,12,10,10,3,4,0,12,16,12,295,46,38,17,47,24,67,29,167,40,60,17,10,11,6,8,817,64,12,14,0,12,0,12,5,6,9,10,13,11,11,9,6,8,262,56,87,31,79,30,88,25,170,44,64,23,3,4,8,8
0600000US0900344700,0900344700,"Manchester town, Hartford County, Connecticut",40525,600,18393,465,141,83,17,19,83,66,161,80,90,61,260,121,247,97,252,78,5101,424,935,199,2373,322,1246,225,4630,374,2414,334,258,80,185,77,22132,509,158,90,42,36,79,58,220,97,307,133,229,130,246,97,242,97,5592,438,1394,244,3286,398,2115,265,5077,428,2360,312,526,138,259,120
0600000US0900345820,0900345820,"Marlborough town, Hartford County, Connecticut",4493,210,2167,159,2,6,0,17,0,17,0,17,0,17,0,17,23,38,36,42,631,187,52,51,265,109,83,64,663,172,274,149,89,60,49,43,2326,151,16,23,0,17,0,17,15,23,11,22,21,33,34,41,16,27,446,138,46,45,255,130,244,109,633,169,499,163,55,53,35,34
0600000US0900350440,0900350440,"New Britain town, Hartford County, Connecticut",46785,825,22126,668,313,109,382,149,584,219,837,177,443,136,822,199,618,142,431,114,8796,553,1368,222,2424,343,1237,251,2327,322,1161,233,174,68,209,78,24659,600,353,112,303,128,642,206,740,196,690,174,842,200,824,161,298,86,9101,646,1587,277,2596,336,2079,269,2914,316,1389,190,163,79,138,76
0600000US0900352140,0900352140,"Newington town, Hartford County, Connecticut",22575,387,10431,336,185,78,24,22,88,55,71,43,35,33,89,57,166,79,172,60,2516,272,585,135,1537,222,757,176,2707,308,1154,210,252,109,93,52,12144,337,141,65,112,96,144,72,196,87,82,60,126,68,84,45,166,69,3071,303,549,127,1303,188,1376,205,2791,275,1736,230,152,68,115,54
0600000US0900360120,0900360120,"Plainville town, Hartford County, Connecticut",12920,347,6080,279,62,56,67,53,49,46,88,65,160,105,219,108,82,62,31,28,2038,254,304,118,938,222,385,129,1062,199,458,157,68,51,69,54,6840,270,158,110,67,54,41,62,25,23,36,40,119,76,68,48,59,49,2150,344,498,138,641,176,854,194,1256,237,711,188,73,56,84,58
0600000US0900365370,0900365370,"Rocky Hill town, Hartford County, Connecticut",15049,330,6948,408,37,39,24,31,25,30,30,31,79,70,99,61,58,44,41,45,1533,314,419,141,669,168,481,152,2333,336,805,186,158,83,157,101,8101,317,61,44,27,31,168,128,133,96,0,19,24,28,14,17,113,82,1794,319,377,138,1107,315,600,166,2244,287,1225,244,140,77,74,67
0600000US0900368940,0900368940,"Simsbury town, Hartford County, Connecticut",16683,256,7877,266,7,11,0,22,90,206,6,13,34,45,23,24,20,19,79,58,808,180,185,58,801,184,456,109,2890,253,1605,188,691,151,182,63,8806,219,31,25,13,18,9,15,41,33,3,7,46,48,19,20,59,32,984,182,499,138,872,159,811,169,2807,207,2188,214,313,82,111,53
0600000US0900370550,0900370550,"Southington town, Hartford County, Connecticut",31592,385,15217,323,48,46,0,25,18,19,101,50,61,34,161,71,137,63,172,66,4360,364,934,184,2263,335,1227,231,3536,264,1618,241,396,116,185,81,16375,367,78,47,34,27,10,16,183,73,79,36,301,128,145,58,191,81,4531,372,1093,175,1754,222,1768,220,3650,329,2293,226,183,70,82,45
0600000US0900371390,0900371390,"South Windsor town, Hartford County, Connecticut",18095,293,8531,250,50,33,20,33,4,8,42,30,8,13,49,45,26,29,83,45,1853,285,226,83,878,189,783,171,2475,257,1402,201,466,115,166,79,9564,299,48,32,23,31,46,40,97,61,53,49,41,30,63,42,102,67,2242,285,520,129,981,208,836,163,2518,246,1464,206,461,125,69,43
0600000US0900374540,0900374540,"Suffield town, Hartford County, Connecticut",10896,308,6027,237,26,33,45,33,43,29,106,50,103,54,158,78,156,79,101,61,1577,237,295,99,856,167,384,109,1171,192,659,153,220,96,127,94,4869,193,45,41,0,19,2,3,36,27,4,9,8,12,37,43,13,15,1078,183,420,138,407,133,632,116,1220,180,745,131,143,58,79,50
0600000US0900382590,0900382590,"West Hartford town, Hartford County, Connecticut",44146,565,20298,493,186,103,92,60,83,44,67,52,119,58,163,88,202,97,196,76,2988,408,587,132,1653,230,902,172,5783,391,3783,302,2447,250,1047,172,23848,544,289,111,135,74,177,74,240,106,80,53,134,53,291,149,174,64,3676,334,542,128,2380,236,1552,250,6765,453,5087,437,1548,207,778,130
0600000US0900384900,0900384900,"Wethersfield town, Hartford County, Connecticut",19121,315,8625,313,101,71,18,19,122,82,87,55,20,28,176,72,134,81,103,52,2014,251,571,136,1069,214,423,125,2234,260,1040,182,387,163,126,63,10496,307,91,45,59,38,169,120,179,88,37,37,174,80,85,49,125,68,2818,318,627,156,1130,201,869,168,2320,273,1460,213,296,114,57,48
0600000US0900387000,0900387000,"Windsor town, Hartford County, Connecticut",20691,314,9566,311,54,43,62,70,122,80,112,90,135,70,40,28,213,131,182,81,2543,303,456,109,1095,233,835,224,2174,281,1136,193,247,101,160,65,11125,349,51,48,52,68,106,80,60,41,191,101,73,40,79,57,123,56,2572,289,552,143,1554,286,1197,205,2444,338,1652,222,241,108,178,104
0600000US0900387070,0900387070,"Windsor Locks town, Hartford County, Connecticut",9311,233,4549,239,92,56,0,19,36,44,32,34,44,47,34,31,62,61,131,55,1736,265,314,103,537,141,464,128,710,148,306,105,37,34,14,16,4762,211,33,38,32,29,1,2,49,45,7,11,12,17,132,74,91,70,1760,228,390,116,648,157,550,140,624,147,360,109,38,36,35,44
0600000US0900502760,0900502760,"Barkhamsted town, Litchfield County, Connecticut",2610,113,1261,88,1,2,0,12,0,12,12,18,12,19,20,22,0,12,0,12,375,100,55,34,120,53,129,68,374,85,99,47,51,32,13,15,1349,71,0,12,0,12,0,12,0,12,0,12,25,27,8,12,33,29,240,71,33,23,192,62,149,56,441,116,161,64,16,19,51,55
0600000US0900504930,0900504930,"Bethlehem town, Litchfield County, Connecticut",2469,118,1167,94,0,12,0,12,0,12,44,39,8,13,8,13,25,23,0,12,325,101,115,49,119,51,102,44,227,90,137,68,33,37,24,24,1302,77,0,12,0,12,0,12,12,19,16,19,25,22,23,22,0,12,343,92,141,57,108,55,85,42,253,85,253,75,35,26,8,12
0600000US0900508210,0900508210,"Bridgewater town, Litchfield County, Connecticut",1335,88,634,60,3,5,7,7,0,12,0,12,0,12,9,13,3,5,7,7,105,29,23,12,73,27,38,20,203,45,92,22,37,24,34,27,701,50,0,12,3,6,4,5,0,12,0,12,10,14,2,5,11,8,123,37,28,14,99,29,29,18,213,44,141,34,26,16,12,10
0600000US0900510940,0900510940,"Canaan town, Litchfield County, Connecticut",942,87,452,55,0,12,0,12,0,12,3,5,0,12,9,7,7,7,3,5,136,42,28,19,72,32,26,18,96,24,39,18,18,10,15,11,490,46,0,12,0,12,0,12,0,12,0,12,13,12,11,13,5,6,115,35,17,14,43,19,81,28,114,30,72,22,14,10,5,6
0600000US0900516050,0900516050,"Colebrook town, Litchfield County, Connecticut",1160,111,600,73,0,12,5,7,0,12,0,12,4,5,7,8,4,5,7,8,218,46,30,17,74,24,64,27,98,30,59,25,23,17,7,10,560,52,0,12,0,12,0,12,0,12,8,8,12,17,0,12,7,8,135,29,83,30,72,27,61,25,110,28,42,16,15,11,15,16
0600000US0900517240,0900517240,"Cornwall town, Litchfield County, Connecticut",1034,85,490,55,4,6,0,12,0,12,0,12,9,9,3,4,4,7,12,7,100,35,26,12,65,29,38,18,114,25,51,25,55,26,9,8,544,51,0,12,0,12,0,12,0,12,0,12,0,12,8,7,0,12,99,22,16,10,37,20,62,22,158,37,134,40,30,13,0,12
0600000US0900532290,0900532290,"Goshen town, Litchfield County, Connecticut",2185,88,1038,77,25,37,0,12,0,12,11,17,12,19,28,25,10,15,0,12,318,82,20,22,139,54,92,47,197,57,140,52,39,33,7,12,1147,65,8,11,0,12,0,12,10,14,1,3,12,18,0,12,47,44,216,78,90,54,185,73,153,52,209,67,155,64,47,34,14,17
0600000US0900537280,0900537280,"Harwinton town, Litchfield County, Connecticut",4009,172,1993,132,21,27,0,17,39,50,2,4,49,43,22,33,31,24,26,24,520,107,181,57,223,70,218,78,394,99,161,62,69,51,37,38,2016,112,32,35,0,17,9,14,25,38,24,35,19,28,8,12,7,12,489,106,123,51,266,103,248,84,495,95,238,79,0,17,33,44
0600000US0900540290,0900540290,"Kent town, Litchfield County, Connecticut",2122,210,1008,138,14,24,2,4,8,12,9,13,4,10,14,16,9,14,11,17,209,72,22,22,170,90,107,78,217,89,164,63,10,15,38,49,1114,152,0,12,0,12,0,12,19,15,0,12,0,12,0,12,11,17,264,78,36,28,153,54,75,49,325,89,231,131,0,12,0,12
0600000US0900543370,0900543370,"Litchfield town, Litchfield County, Connecticut",6266,204,2936,131,10,9,0,17,31,33,33,27,34,26,20,16,14,17,34,28,890,133,90,34,349,93,216,66,641,137,334,94,167,57,73,38,3330,182,4,5,11,13,0,17,74,67,2,3,8,10,38,25,20,19,842,155,115,37,456,115,334,77,772,135,529,118,75,35,50,34
0600000US0900549460,0900549460,"Morris town, Litchfield County, Connecticut",1739,113,860,70,0,12,0,12,0,12,0,12,5,8,18,24,17,14,9,9,256,69,60,28,87,34,68,34,203,52,75,36,47,34,15,15,879,69,5,7,0,12,5,8,0,12,0,12,23,21,0,12,9,10,170,44,33,23,145,39,111,45,214,56,111,39,36,26,17,17
0600000US0900551350,0900551350,"New Hartford town, Litchfield County, Connecticut",4698,232,2370,177,3,7,51,69,3,7,34,38,19,30,24,29,14,24,4,9,618,205,114,71,361,119,175,96,577,146,291,90,24,27,58,53,2328,178,0,17,0,17,43,61,0,17,52,80,18,26,13,22,12,20,395,107,103,54,353,129,197,75,584,136,441,130,102,83,15,24
0600000US0900552630,0900552630,"New Milford town, Litchfield County, Connecticut",19680,349,9711,352,38,35,0,22,35,37,204,126,106,63,70,48,264,146,75,55,2642,368,654,163,1193,188,735,169,2583,266,849,175,60,40,203,85,9969,268,41,55,0,22,113,94,138,99,88,59,154,86,72,48,94,56,2357,257,828,177,1292,226,867,167,2266,300,1486,262,63,52,110,67
0600000US0900553470,0900553470,"Norfolk town, Litchfield County, Connecticut",1141,109,604,81,0,12,27,40,0,12,7,7,6,8,12,11,15,15,7,12,184,42,26,14,60,23,22,12,105,40,72,28,52,21,9,8,537,49,3,4,0,12,0,12,0,12,3,4,4,6,12,9,3,5,118,36,18,10,51,27,68,27,118,28,106,25,26,15,7,8
0600000US0900554030,0900554030,"North Canaan town, Litchfield County, Connecticut",2395,110,1272,122,7,12,14,20,0,12,10,16,23,29,56,37,9,15,9,14,634,154,47,47,159,87,107,66,106,66,64,45,27,25,0,12,1123,90,0,12,0,12,12,18,0,12,29,44,0,12,24,39,7,11,521,110,54,32,113,46,87,53,180,86,69,52,14,16,13,19
0600000US0900560750,0900560750,"Plymouth town, Litchfield County, Connecticut",8275,274,3914,190,32,24,6,11,19,21,24,21,75,69,67,43,97,69,91,62,1619,189,262,81,408,118,306,111,579,171,293,122,36,27,0,19,4361,225,38,32,9,15,23,24,27,27,64,55,83,58,91,71,56,35,1540,201,272,84,541,135,634,148,615,186,305,85,26,25,37,30
0600000US0900565930,0900565930,"Roxbury town, Litchfield County, Connecticut",1730,127,879,83,0,12,0,12,0,12,0,12,11,11,0,12,6,8,8,11,168,57,28,17,73,35,58,41,328,60,116,35,67,30,16,15,851,69,6,9,0,12,0,12,0,12,0,12,0,12,7,10,0,12,137,47,39,23,82,40,92,42,280,55,166,47,23,17,19,17
0600000US0900566420,0900566420,"Salisbury town, Litchfield County, Connecticut",2810,149,1387,112,6,12,0,12,10,16,0,12,6,13,18,19,30,30,12,18,266,91,43,29,67,45,100,68,401,120,311,93,74,39,43,32,1423,116,0,12,0,12,0,12,14,19,0,12,11,17,9,15,0,12,155,61,79,41,187,83,170,76,468,117,309,84,17,24,4,7
0600000US0900567960,0900567960,"Sharon town, Litchfield County, Connecticut",2353,117,1149,111,7,15,5,9,0,12,13,23,0,12,4,10,0,12,0,12,411,114,60,38,65,37,23,25,268,101,138,66,112,65,43,34,1204,99,0,12,7,15,0,12,0,12,13,20,8,14,21,25,0,12,225,96,55,35,167,74,200,118,244,72,232,83,21,22,11,17
0600000US0900575730,0900575730,"Thomaston town, Litchfield County, Connecticut",5540,165,2459,136,4,6,0,17,13,20,39,29,28,25,36,24,24,28,75,42,996,148,226,77,393,123,176,70,304,88,103,57,15,16,27,23,3081,154,11,17,8,12,8,13,45,52,42,32,8,13,64,33,93,57,1059,136,224,96,355,90,346,118,490,148,247,77,62,39,19,31
0600000US0900576570,0900576570,"Torrington town, Litchfield County, Connecticut",26000,400,12591,349,82,44,20,23,210,121,244,96,273,121,384,136,256,108,343,117,4692,383,767,140,1716,288,1069,191,1686,263,653,145,158,57,38,29,13409,336,82,57,95,83,174,85,363,177,123,71,204,92,211,91,299,120,4553,362,1059,172,1865,251,1314,214,1969,258,912,176,145,63,41,28
0600000US0900579510,0900579510,"Warren town, Litchfield County, Connecticut",1162,97,597,58,0,12,0,12,0,12,3,6,0,12,7,7,0,12,11,9,158,39,40,19,71,26,28,13,174,35,62,22,16,13,27,16,565,52,0,12,0,12,0,12,0,12,5,8,0,12,7,7,10,9,132,31,31,19,58,23,39,16,165,41,96,30,16,10,6,6
0600000US0900579720,0900579720,"Washington town, Litchfield County, Connecticut",2721,146,1351,130,0,12,10,16,0,12,0,12,0,12,15,17,9,12,0,12,197,85,89,49,147,55,74,58,390,98,277,92,94,40,49,30,1370,126,0,12,0,12,11,16,0,12,0,12,18,20,0,12,13,21,236,102,97,57,132,60,122,51,456,122,238,92,39,30,8,13
0600000US0900580490,0900580490,"Watertown town, Litchfield County, Connecticut",15602,463,7412,370,43,43,46,60,5,11,65,43,122,108,90,74,60,42,105,55,2405,372,505,165,1163,197,766,202,1159,181,607,172,215,97,56,44,8190,333,135,123,114,86,64,50,84,49,18,21,70,49,85,59,85,65,2235,289,414,154,1055,208,963,200,1567,302,1223,202,39,40,39,45
0600000US0900586440,0900586440,"Winchester town, Litchfield County, Connecticut",8014,309,3943,257,104,82,0,19,14,23,73,57,50,47,119,92,0,19,115,79,1770,296,248,95,591,202,205,119,387,149,215,106,14,24,38,38,4071,255,8,13,0,19,0,19,87,61,176,107,122,83,93,101,48,51,1355,240,273,123,508,182,380,150,672,169,263,107,85,74,1,2
0600000US0900587910,0900587910,"Woodbury town, Litchfield County, Connecticut",7360,190,3406,184,21,31,0,17,44,69,44,49,25,30,15,18,14,23,26,32,894,174,65,43,522,151,167,70,724,138,513,123,212,100,120,83,3954,152,30,34,21,33,0,17,78,83,62,73,14,15,18,22,44,34,769,183,292,105,500,130,302,113,816,140,758,158,197,105,53,33
0600000US0900700000,0900700000,"County subdivisions not defined, Middlesex County, Connecticut",0,12,0,12,0,12,0,12,0,12,0,12,0,12,0,12,0,12,0,12,0,12,0,12,0,12,0,12,0,12,0,12,0,12,0,12,0,12,0,12,0,12,0,12,0,12,0,12,0,12,0,12,0,12,0,12,0,12,0,12,0,12,0,12,0,12,0,12,0,12
0600000US0900714300,0900714300,"Chester town, Middlesex County, Connecticut",3220,159,1444,140,0,12,9,20,0,12,0,12,0,12,0,12,24,36,35,33,343,108,24,26,245,90,95,62,430,111,149,65,64,42,26,25,1776,112,12,28,0,12,0,12,0,12,22,23,0,12,14,22,0,12,422,120,62,37,304,104,158,80,430,109,265,70,54,35,33,28
0600000US0900715350,0900715350,"Clinton town, Middlesex County, Connecticut",9691,243,4484,194,27,22,1,2,17,26,63,54,7,12,61,41,66,43,20,21,1507,261,313,85,596,133,299,97,823,117,564,124,90,54,30,23,5207,204,28,26,0,19,13,15,26,29,63,54,73,56,78,51,93,53,1362,201,380,78,609,128,473,108,1190,181,666,117,75,47,78,42
0600000US0900718080,0900718080,"Cromwell town, Middlesex County, Connecticut",10735,277,5386,269,60,47,0,19,3,7,86,64,34,36,56,46,49,45,118,64,1318,242,320,140,736,181,244,110,1286,238,888,175,139,64,49,35,5349,233,54,46,21,33,55,55,58,49,47,38,68,50,31,30,71,54,1381,206,365,127,551,149,518,162,1320,191,702,148,90,49,17,19
0600000US0900719130,0900719130,"Deep River town, Middlesex County, Connecticut",3289,116,1566,88,0,12,0,12,2,4,0,12,9,13,20,22,9,14,13,20,572,101,101,47,178,52,79,47,386,82,144,60,44,32,9,14,1723,92,18,20,0,12,7,11,0,12,7,11,18,20,9,14,16,18,467,111,76,40,203,69,219,66,374,91,240,67,49,37,20,22
0600000US0900720810,0900720810,"Durham town, Middlesex County, Connecticut",5193,230,2554,163,1,5,4,11,0,17,0,17,0,17,2,4,17,27,18,30,695,174,73,48,237,133,203,127,736,219,336,119,156,74,76,56,2639,181,2,4,0,17,0,17,2,4,0,17,20,25,67,81,56,45,709,153,86,43,334,114,125,59,590,133,448,146,104,87,96,57
0600000US0900722280,0900722280,"East Haddam town, Middlesex County, Connecticut",6489,208,3215,174,78,65,2,5,0,17,32,36,29,46,78,62,0,17,36,38,908,180,64,46,311,118,448,128,780,200,369,113,55,39,25,29,3274,162,32,39,8,12,0,17,35,40,11,20,35,38,5,10,7,11,905,172,163,76,439,135,398,140,722,157,408,132,41,35,65,50
0600000US0900722490,0900722490,"East Hampton town, Middlesex County, Connecticut",9342,250,4638,206,10,13,0,19,0,19,94,67,50,46,46,34,29,25,45,37,1255,238,312,103,603,152,409,125,1138,177,465,116,146,106,36,35,4704,191,64,47,0,19,0,19,17,21,17,18,11,16,32,38,72,83,1231,199,321,132,450,111,478,113,1055,200,860,166,23,30,73,47
0600000US0900726270,0900726270,"Essex town, Middlesex County, Connecticut",4982,178,2422,155,21,34,0,17,41,57,0,17,0,17,47,63,79,94,13,21,391,130,87,58,188,88,60,53,890,185,453,128,126,75,26,31,2560,184,0,17,3,7,0,17,3,6,19,30,15,23,0,17,0,17,378,139,257,146,390,146,333,133,695,123,401,117,33,33,33,40
0600000US0900735230,0900735230,"Haddam town, Middlesex County, Connecticut",6034,230,2793,187,0,17,5,12,15,24,13,22,29,34,0,17,0,17,47,46,772,189,157,73,296,112,150,93,701,188,398,124,136,67,74,57,3241,190,11,18,0,17,0,17,13,21,0,17,13,20,0,17,15,25,753,165,162,87,271,132,541,175,683,151,578,179,102,64,99,68
0600000US0900740710,0900740710,"Killingworth town, Middlesex County, Connecticut",4669,140,2287,119,0,17,0,17,12,21,22,24,0,17,0,17,0,17,15,24,556,137,176,72,198,85,259,112,559,149,294,122,137,67,59,45,2382,120,0,17,0,17,34,55,13,21,0,17,0,17,13,21,0,17,551,130,129,62,192,78,369,147,509,138,428,109,126,75,18,28
0600000US0900747080,0900747080,"Middlefield town, Middlesex County, Connecticut",3286,153,1533,119,9,14,0,12,8,13,12,15,0,12,0,12,16,17,24,37,593,114,56,43,101,46,109,79,363,109,175,55,41,30,26,24,1753,103,8,13,0,12,0,12,10,15,8,13,9,13,18,20,27,26,596,116,58,33,136,76,172,62,286,87,376,111,38,28,11,18
0600000US0900747360,0900747360,"Middletown town, Middlesex County, Connecticut",31672,478,14881,432,183,79,71,66,142,84,87,56,89,59,228,108,162,76,140,78,4324,434,879,163,1924,268,1117,276,3017,301,1672,274,343,108,503,143,16791,436,150,75,53,29,181,92,331,177,215,106,217,82,136,59,174,82,4689,373,903,189,2072,334,1511,234,3165,348,2536,286,213,82,245,102
0600000US0900757320,0900757320,"Old Saybrook town, Middlesex County, Connecticut",7687,222,3519,166,44,48,16,24,23,36,31,34,15,17,17,19,45,32,15,17,873,162,112,53,530,155,244,97,959,180,419,112,94,57,82,47,4168,172,5,9,27,30,53,52,32,25,65,46,11,21,29,38,25,24,981,206,273,107,440,107,378,109,1015,172,646,136,101,57,87,51
0600000US0900761800,0900761800,"Portland town, Middlesex County, Connecticut",6794,210,3368,167,8,10,0,17,14,22,33,32,10,17,39,44,30,46,7,12,1169,231,173,82,270,98,256,108,819,209,380,139,137,81,23,29,3426,166,9,14,0,17,23,37,25,34,37,36,50,44,56,51,55,55,850,194,267,116,260,79,420,148,719,149,534,179,73,76,48,34
0600000US0900781680,0900781680,"Westbrook town, Middlesex County, Connecticut",5436,202,2692,217,0,17,0,17,18,28,16,25,46,52,47,45,53,49,35,39,959,261,83,68,161,83,139,87,665,181,230,84,142,91,98,66,2744,206,38,42,0,17,0,17,49,45,25,30,29,32,99,78,15,24,720,174,158,97,251,111,218,108,618,140,371,125,58,49,95,74
0600000US0900900000,0900900000,"County subdivisions not defined, New Haven County, Connecticut",0,12,0,12,0,12,0,12,0,12,0,12,0,12,0,12,0,12,0,12,0,12,0,12,0,12,0,12,0,12,0,12,0,12,0,12,0,12,0,12,0,12,0,12,0,12,0,12,0,12,0,12,0,12,0,12,0,12,0,12,0,12,0,12,0,12,0,12,0,12
0600000US0900901220,0900901220,"Ansonia town, New Haven County, Connecticut",12718,471,6171,463,104,66,77,69,54,38,81,78,82,72,197,126,74,61,76,84,2806,410,450,175,646,165,507,149,670,193,295,111,22,20,30,26,6547,360,75,51,53,50,111,74,235,135,115,78,144,117,84,57,94,57,2650,339,372,131,991,233,560,184,535,126,463,138,65,51,0,19
0600000US0900903250,0900903250,"Beacon Falls town, New Haven County, Connecticut",4143,153,1982,180,0,17,0,17,0,17,0,17,0,17,63,52,21,31,37,40,779,205,150,90,282,109,200,110,332,117,75,52,22,37,21,35,2161,130,0,17,0,17,0,17,42,45,86,84,0,17,72,60,35,28,602,173,107,74,158,83,224,101,417,146,364,157,20,31,34,36
0600000US0900904580,0900904580,"Bethany town, New Haven County, Connecticut",4013,148,1888,140,21,28,0,17,0,17,13,20,0,17,20,22,7,12,12,21,397,125,101,62,321,123,119,74,376,91,350,101,103,62,48,41,2125,112,1,2,0,17,0,17,0,17,22,37,13,21,0,17,11,16,469,101,152,77,167,69,193,90,618,144,305,92,130,75,44,32
0600000US0900907310,0900907310,"Branford town, New Haven County, Connecticut",21302,401,9696,393,74,61,10,15,29,41,87,63,0,22,74,46,145,91,113,69,2837,349,506,160,1409,262,497,118,2164,284,873,207,327,93,551,141,11606,347,114,95,33,30,31,39,50,49,64,49,60,47,197,144,245,109,2762,358,650,161,1273,239,1047,221,2606,305,1845,305,357,94,272,122
0600000US0900914160,0900914160,"Cheshire town, New Haven County, Connecticut",20621,351,10217,295,51,42,0,22,33,29,79,53,93,57,162,58,123,53,61,38,2240,322,507,136,1081,190,376,107,2854,280,1515,234,569,140,473,146,10404,339,112,68,22,25,0,22,72,59,0,22,153,74,45,50,12,19,2017,269,386,116,971,199,933,196,2710,290,2345,267,462,157,164,88
0600000US0900919550,0900919550,"Derby town, New Haven County, Connecticut",9145,439,4559,404,85,102,13,21,0,19,44,39,71,74,134,109,78,75,103,61,1673,255,209,136,615,224,351,127,896,288,238,89,49,46,0,19,4586,283,48,40,50,72,83,81,138,103,131,101,126,95,90,89,54,43,1349,252,242,109,640,175,467,174,699,246,351,125,84,52,34,32
0600000US0900922910,0900922910,"East Haven town, New Haven County, Connecticut",21230,490,10012,389,89,59,18,20,55,58,74,53,180,78,240,94,156,77,274,138,4154,395,445,139,1280,259,686,189,1423,279,574,143,175,101,189,114,11218,386,155,70,30,31,127,88,160,73,137,72,196,87,169,72,320,154,4458,347,667,170,1296,231,960,224,1575,273,706,180,211,97,51,46
0600000US0900934950,0900934950,"Guilford town, New Haven County, Connecticut",16413,326,7978,228,56,38,0,22,6,14,73,54,4,5,49,32,66,51,37,33,1202,204,389,117,956,197,488,186,2274,279,1287,209,745,152,346,111,8435,279,25,20,11,17,29,33,30,29,14,14,53,38,56,52,37,34,1327,237,294,98,838,198,669,184,2433,277,1860,237,450,130,309,99
0600000US0900935650,0900935650,"Hamden town, New Haven County, Connecticut",40110,721,18446,544,106,65,33,38,68,66,125,75,67,56,165,83,150,98,181,83,4374,480,1039,270,2724,386,966,184,4085,432,2225,288,871,210,1267,202,21664,604,107,53,158,124,129,68,215,124,79,55,143,86,218,110,267,119,4802,432,1198,305,2799,400,1723,286,4502,464,3946,406,741,165,637,169
0600000US0900944560,0900944560,"Madison town, New Haven County, Connecticut",12401,353,5677,224,4,10,0,19,0,19,46,65,7,17,35,33,0,19,31,30,735,174,129,70,525,118,258,105,1937,203,1148,213,526,133,296,105,6724,229,21,33,8,16,0,19,26,34,0,19,28,35,0,19,24,28,834,187,118,56,721,172,703,156,2475,223,1216,187,351,99,199,87
0600000US0900946520,0900946520,"Meriden town, New Haven County, Connecticut",44473,738,20811,601,311,127,128,73,218,107,383,120,423,147,613,197,317,153,237,82,8366,541,1253,247,2701,398,1485,282,3034,370,987,207,241,94,114,67,23662,655,246,91,150,70,318,111,456,164,259,107,810,249,413,145,446,155,8783,573,1218,184,3487,365,2019,343,3350,403,1301,218,243,82,163,100
0600000US0900946940,0900946940,"Middlebury town, New Haven County, Connecticut",5405,164,2489,124,10,12,0,17,0,17,23,23,3,9,0,17,44,44,46,29,380,76,138,76,292,91,84,38,699,126,432,84,272,75,66,39,2916,131,0,17,8,12,0,17,23,19,10,16,34,33,14,15,11,17,516,109,182,83,330,72,341,113,663,117,562,111,129,54,93,76
0600000US0900947535,0900947535,"Milford town, New Haven County, Connecticut",39876,511,18715,484,114,60,32,30,103,91,187,99,155,73,179,84,161,63,150,63,5203,428,817,179,2601,314,1319,225,4612,408,2250,274,489,134,343,101,21161,430,75,47,73,68,35,27,90,46,147,94,272,124,206,79,156,59,6111,457,1211,201,2479,323,1810,254,4703,391,2946,303,516,127,331,120
0600000US0900949950,0900949950,"Naugatuck town, New Haven County, Connecticut",21979,601,10753,582,152,96,128,113,90,73,118,77,211,139,84,70,281,140,165,88,3876,406,613,178,1182,314,888,198,1704,277,1101,434,142,94,18,31,11226,501,78,53,117,90,159,110,95,73,98,65,216,101,220,109,238,133,3529,415,609,183,1867,322,1289,293,1411,262,1050,202,174,103,76,67
0600000US0900952070,0900952070,"New Haven town, New Haven County, Connecticut",81231,1252,36571,957,691,185,437,145,867,267,732,183,878,214,771,226,1309,254,545,161,11831,727,1257,258,3731,495,1051,229,5846,589,3256,357,1468,227,1901,263,44660,904,681,181,564,195,697,213,883,205,1020,203,1053,260,1543,297,570,161,12619,657,1682,316,5537,559,2472,351,6736,540,4980,416,1879,268,1744,248
0600000US0900953890,0900953890,"North Branford town, New Haven County, Connecticut",10599,292,5203,252,27,28,12,19,20,29,18,27,44,40,31,34,35,38,137,76,1868,312,408,126,481,160,298,124,1099,193,377,137,202,97,146,77,5396,245,17,27,26,40,49,77,0,19,19,28,45,36,26,33,71,58,1593,244,418,174,621,206,538,145,1017,233,799,210,128,72,29,32
0600000US0900954870,0900954870,"North Haven town, New Haven County, Connecticut",17436,359,8442,306,25,32,0,22,24,28,58,48,15,12,83,69,70,52,128,63,2605,312,424,136,1072,224,422,122,2025,349,781,161,350,103,360,105,8994,349,127,78,1,3,23,26,77,51,24,22,43,30,33,39,125,63,2523,301,385,106,1144,301,719,169,2105,361,1267,193,229,100,169,81
0600000US0900957600,0900957600,"Orange town, New Haven County, Connecticut",9935,212,4702,211,0,19,0,19,0,19,33,30,19,20,44,38,45,41,48,33,897,150,274,83,422,96,231,84,1411,220,758,114,333,92,187,61,5233,157,57,54,8,12,31,27,28,23,2,4,9,14,29,26,83,51,1003,151,208,63,385,100,359,89,1366,161,1250,166,279,81,136,59
0600000US0900958300,0900958300,"Oxford town, New Haven County, Connecticut",8731,264,4175,186,30,45,0,19,0,19,14,23,13,22,32,38,16,25,85,57,1230,197,178,84,607,190,279,139,1076,226,445,114,110,88,60,57,4556,201,4,12,0,19,0,19,117,93,0,19,56,72,19,29,43,40,1187,231,495,203,440,149,435,131,877,177,755,166,82,60,46,42
0600000US0900962290,0900962290,"Prospect town, New Haven County, Connecticut",7129,245,3385,256,6,14,0,17,27,43,40,32,51,48,22,27,55,47,111,101,1159,223,142,58,157,78,357,136,837,251,337,124,74,48,10,15,3744,180,0,17,0,17,23,43,37,35,13,21,68,57,36,35,52,46,1082,204,271,100,447,141,298,94,820,171,507,125,80,71,10,16
0600000US0900967610,0900967610,"Seymour town, New Haven County, Connecticut",11095,372,5496,249,47,41,0,19,0,19,58,84,4,9,27,33,141,112,38,41,1945,266,398,134,789,191,422,124,902,189,573,174,93,57,59,45,5599,261,49,42,22,34,14,21,48,37,43,35,35,33,66,70,57,43,1510,231,563,164,768,210,376,126,1160,243,811,179,41,46,36,43
0600000US0900969640,0900969640,"Southbury town, New Haven County, Connecticut",14475,375,6677,312,310,147,0,19,19,23,31,28,9,12,49,63,86,60,27,24,1274,235,233,60,567,128,454,125,2135,306,920,181,339,138,224,122,7798,290,210,139,0,19,25,26,12,19,11,15,42,30,102,61,70,46,1879,232,295,77,851,150,730,163,1937,257,1356,200,215,98,63,44
0600000US0900978740,0900978740,"Wallingford town, New Haven County, Connecticut",33854,594,15891,423,173,83,13,18,150,89,133,72,94,55,244,96,144,61,173,77,5117,402,827,178,1453,245,1575,256,3575,336,1624,282,323,117,273,123,17963,470,150,71,37,37,81,89,249,143,153,86,247,127,167,96,323,102,5542,399,1081,196,1645,256,1810,257,3923,363,2116,291,332,117,107,67
0600000US0900980070,0900980070,"Waterbury town, New Haven County, Connecticut",69518,1019,32373,868,583,161,702,232,375,136,1315,257,840,194,1001,246,1032,201,1081,232,12526,731,1752,302,4296,428,2038,360,3178,350,1238,217,251,81,165,56,37145,816,567,189,768,202,725,200,1382,263,1158,276,1044,197,961,188,988,209,12586,729,2466,381,5599,548,3256,441,3234,378,2017,285,341,111,53,33
0600000US0900982870,0900982870,"West Haven town, New Haven County, Connecticut",36031,765,17629,707,211,96,156,104,288,170,283,116,287,132,406,162,320,152,293,136,7048,614,1196,283,2708,469,964,205,2324,424,777,200,226,105,142,99,18402,591,292,120,85,68,317,146,260,146,233,114,344,149,457,151,322,126,6357,475,1049,251,2819,337,1457,242,2541,343,1490,289,224,129,155,85
0600000US0900987560,0900987560,"Wolcott town, New Haven County, Connecticut",11909,276,5911,258,64,55,0,19,65,61,84,57,75,61,73,56,22,27,116,63,2422,292,327,117,634,179,501,149,893,196,519,149,90,55,26,29,5998,286,84,75,18,31,38,36,128,81,25,32,84,69,51,54,66,45,1869,235,325,104,800,180,651,160,954,236,703,164,92,55,110,110
0600000US0900987700,0900987700,"Woodbridge town, New Haven County, Connecticut",6143,254,2667,180,3,12,23,33,11,20,0,17,0,17,0,17,0,17,10,17,296,108,85,56,250,110,99,57,737,130,509,137,452,114,192,87,3476,198,0,17,0,17,92,83,30,34,0,17,13,20,0,17,26,29,386,147,29,28,342,107,132,61,1071,188,974,179,236,89,145,61
0600000US0901100000,0901100000,"County subdivisions not defined, New London County, Connecticut",0,12,0,12,0,12,0,12,0,12,0,12,0,12,0,12,0,12,0,12,0,12,0,12,0,12,0,12,0,12,0,12,0,12,0,12,0,12,0,12,0,12,0,12,0,12,0,12,0,12,0,12,0,12,0,12,0,12,0,12,0,12,0,12,0,12,0,12,0,12
0600000US0901106820,0901106820,"Bozrah town, New London County, Connecticut",1892,77,944,51,14,14,5,11,0,12,0,12,0,12,6,10,26,19,12,13,392,58,60,24,123,44,53,26,129,33,96,33,28,20,0,12,948,66,6,8,0,12,0,12,6,11,0,12,11,12,9,12,5,7,316,56,51,26,83,33,136,42,174,46,135,41,5,7,11,12
0600000US0901115910,0901115910,"Colchester town, New London County, Connecticut",11114,313,5547,268,27,30,0,19,58,54,51,41,42,33,36,39,20,21,64,44,1670,258,334,149,729,161,347,106,1468,218,509,141,111,57,81,55,5567,225,7,16,8,13,22,34,67,65,49,48,35,35,32,36,43,34,1499,193,290,99,773,200,702,190,1428,215,555,127,57,42,0,19
0600000US0901123400,0901123400,"East Lyme town, New London County, Connecticut",14264,285,6500,233,23,16,0,19,3,7,48,39,29,30,56,59,132,69,108,47,1305,221,408,115,650,148,440,102,1674,203,1022,149,289,95,313,74,7764,264,42,34,0,19,0,19,32,20,84,61,78,38,192,64,75,34,1855,177,471,115,1085,183,717,124,1491,167,1309,178,216,69,117,48
0600000US0901129910,0901129910,"Franklin town, New London County, Connecticut",1449,70,727,52,13,16,0,12,3,4,4,5,10,15,4,6,18,18,0,12,298,53,62,27,82,25,65,24,77,23,55,26,23,16,13,8,722,47,11,11,0,12,0,12,0,12,0,12,11,9,14,14,4,5,208,36,86,26,85,26,60,25,143,35,88,26,8,7,4,6
0600000US0901133900,0901133900,"Griswold town, New London County, Connecticut",7759,338,4148,223,17,20,0,19,5,8,78,53,135,112,100,89,140,115,168,99,1614,284,417,169,632,174,265,101,309,120,220,109,48,43,0,19,3611,259,38,57,32,41,0,19,102,94,67,53,58,65,122,89,62,48,1173,198,303,147,369,133,432,150,512,146,285,117,25,35,31,38
0600000US0901134250,0901134250,"Groton town, New London County, Connecticut",25934,559,12614,474,70,61,12,16,61,49,70,63,117,92,85,64,129,69,95,66,3678,358,874,224,1943,270,888,180,2531,277,1334,191,316,100,411,107,13320,368,102,66,29,32,21,26,130,63,63,63,157,79,139,63,201,102,3816,317,812,186,1733,273,1002,166,2798,292,1961,239,150,55,206,78
0600000US0901142390,0901142390,"Lebanon town, New London County, Connecticut",5356,158,2651,127,45,49,0,17,0,17,0,17,6,15,15,25,34,36,57,48,842,190,159,79,408,164,199,102,565,140,289,129,32,37,0,17,2705,129,0,17,0,17,0,17,0,17,0,17,17,29,7,12,17,28,579,137,92,53,351,132,313,164,595,164,675,150,38,45,21,34
0600000US0901142600,0901142600,"Ledyard town, New London County, Connecticut",10593,346,5051,221,24,33,2,3,3,8,1,2,19,30,31,36,44,42,76,73,1321,253,409,139,803,183,392,133,960,216,788,148,57,61,121,69,5542,256,23,32,0,19,0,19,19,23,14,21,46,43,64,56,57,56,1433,282,418,134,707,207,503,187,1266,213,807,178,66,45,119,85
0600000US0901143230,0901143230,"Lisbon town, New London County, Connecticut",3025,150,1572,124,0,12,0,12,12,18,83,64,0,12,8,13,51,41,24,21,655,138,110,49,308,81,72,41,109,47,81,43,59,43,0,12,1453,94,0,12,0,12,0,12,7,12,0,12,50,48,0,12,23,20,545,117,67,46,259,89,197,66,125,41,149,52,31,36,0,12
0600000US0901144210,0901144210,"Lyme town, New London County, Connecticut",1927,82,940,58,2,5,0,12,0,12,0,12,29,32,13,21,6,10,0,12,184,56,50,23,73,30,49,34,293,67,142,45,51,24,48,26,987,61,2,5,0,12,0,12,0,12,0,12,15,22,9,10,0,12,124,49,43,29,109,34,57,29,367,71,217,59,29,17,15,13
0600000US0901148900,0901148900,"Montville town, New London County, Connecticut",14315,385,7631,278,69,48,8,15,55,43,83,47,69,56,336,155,247,99,141,85,3132,366,633,136,1053,214,422,120,981,243,303,91,79,52,20,25,6684,310,73,60,1,4,28,31,27,24,98,65,178,78,46,31,68,50,2379,317,531,143,955,234,766,173,668,177,700,183,125,138,41,29
0600000US0901152350,0901152350,"New London town, New London County, Connecticut",15989,550,7362,389,82,78,80,67,165,111,148,89,183,95,217,102,196,119,149,75,2463,321,419,125,977,244,371,104,1098,217,534,115,133,68,147,82,8627,385,205,85,103,74,67,68,166,102,175,78,399,165,266,147,238,145,2564,316,524,159,1424,239,626,202,1209,234,511,142,85,76,65,56
0600000US0901155500,0901155500,"North Stonington town, New London County, Connecticut",3837,219,2006,171,0,17,56,62,1,3,1,2,0,17,1,3,0,17,26,29,714,202,178,90,381,134,140,78,212,105,207,97,57,47,32,31,1831,161,1,2,0,17,0,17,0,17,0,17,0,17,19,31,13,21,664,152,122,65,215,102,168,76,363,128,253,95,0,17,13,23
0600000US0901156270,0901156270,"Norwich town, New London County, Connecticut",27107,557,13039,571,277,146,90,117,67,64,177,108,178,126,210,99,650,237,263,105,4979,500,797,204,1957,353,1073,256,1432,285,657,170,173,62,59,45,14068,467,326,166,24,27,129,94,225,98,163,82,303,166,358,145,255,135,5216,425,1200,258,2125,333,1106,234,1501,237,926,212,91,58,120,69
0600000US0901157040,0901157040,"Old Lyme town, New London County, Connecticut",5692,182,2759,150,11,9,0,17,31,46,23,27,11,17,11,16,17,19,17,18,514,124,121,57,408,116,155,75,675,128,464,111,184,80,117,50,2933,129,10,14,16,17,0,17,0,17,0,17,35,50,9,13,32,24,539,136,59,33,365,102,296,103,790,137,621,121,105,61,56,38
0600000US0901162150,0901162150,"Preston town, New London County, Connecticut",3461,115,1686,118,0,12,0,12,0,12,28,42,4,7,23,22,20,22,17,14,731,124,159,82,274,104,156,63,157,66,99,55,0,12,18,21,1775,98,12,14,0,12,0,12,38,39,24,36,33,50,0,12,12,18,614,105,173,71,245,113,179,65,291,79,131,58,23,24,0,12
0600000US0901166210,0901166210,"Salem town, New London County, Connecticut",2847,169,1424,103,5,12,0,12,0,12,0,12,0,12,10,16,18,21,16,24,342,88,39,34,240,78,172,90,265,71,227,64,35,35,55,37,1423,121,16,20,0,12,0,12,0,12,11,16,0,12,29,41,0,12,305,90,74,38,127,77,172,64,323,90,322,81,44,33,0,12
0600000US0901171670,0901171670,"Sprague town, New London County, Connecticut",2122,86,1083,86,0,12,0,12,17,19,9,10,7,12,36,33,25,20,0,12,507,91,44,26,175,61,73,29,137,50,26,16,16,20,11,13,1039,75,0,12,0,12,0,12,21,23,12,13,19,18,25,20,12,17,355,60,66,40,133,41,134,50,151,49,104,57,3,5,4,6
0600000US0901173770,0901173770,"Stonington town, New London County, Connecticut",13891,304,6491,230,71,44,8,13,28,24,52,40,39,35,37,22,107,55,61,37,1647,215,323,91,622,99,477,128,1556,208,855,136,291,76,317,78,7400,238,102,58,0,19,0,19,45,42,47,33,69,43,57,44,71,42,1889,204,397,107,711,136,618,116,1885,231,1213,159,154,62,142,43
0600000US0901178600,0901178600,"Voluntown town, New London County, Connecticut",1879,94,906,60,3,4,0,12,0,12,6,9,34,37,0,12,4,6,15,14,362,75,82,36,138,48,91,29,90,43,61,29,14,13,6,10,973,58,3,4,0,12,0,12,16,23,0,12,21,18,9,9,11,12,375,75,77,30,127,53,120,46,128,42,74,28,8,10,4,6
0600000US0901180280,0901180280,"Waterford town, New London County, Connecticut",14263,284,6908,247,59,38,2,5,31,39,64,40,77,64,57,39,104,60,120,54,2013,242,390,101,900,161,554,131,1334,207,645,146,295,102,263,122,7355,251,51,34,0,19,25,31,79,44,34,31,47,30,47,40,86,53,2398,273,435,113,646,125,798,172,1337,185,1108,188,227,105,37,40
0600000US0901301080,0901301080,"Andover town, Tolland County, Connecticut",2223,122,1040,82,0,12,0,12,2,5,0,12,0,12,0,12,14,20,0,12,267,90,73,58,192,80,109,52,193,52,134,61,48,40,8,13,1183,86,2,3,0,12,0,12,10,17,0,12,0,12,18,20,0,12,209,79,48,34,174,74,172,65,318,74,177,59,40,22,15,21
0600000US0901306260,0901306260,"Bolton town, Tolland County, Connecticut",3543,129,1791,118,2,5,1,2,0,12,9,15,42,42,0,12,9,14,33,28,385,87,106,53,199,84,126,53,476,117,298,84,47,37,58,33,1752,102,0,12,0,12,0,12,0,12,5,8,9,15,33,40,5,9,337,85,97,45,194,56,169,60,474,95,290,87,61,50,78,56
0600000US0901316400,0901316400,"Columbia town, Tolland County, Connecticut",3777,195,1815,146,0,17,0,17,14,22,11,18,26,29,19,26,0,17,22,25,407,143,143,83,345,112,100,63,476,174,205,98,19,22,28,24,1962,133,16,38,0,17,0,17,22,29,0,17,8,14,11,19,0,17,564,177,120,65,209,94,264,155,445,148,192,83,61,50,50,45
0600000US0901317800,0901317800,"Coventry town, Tolland County, Connecticut",8615,352,4222,250,9,19,6,10,0,19,34,39,21,21,17,25,14,23,11,18,1341,242,215,83,584,173,279,116,941,220,556,169,85,79,109,64,4393,242,11,19,0,19,30,33,0,19,0,19,13,21,21,25,49,45,1091,213,342,140,420,142,698,186,1041,179,516,146,107,84,54,49
0600000US0901325360,0901325360,"Ellington town, Tolland County, Connecticut",10991,374,5400,271,28,37,3,6,6,16,18,28,0,19,63,54,111,87,149,96,1424,278,281,116,906,261,448,216,1075,225,592,192,210,140,86,95,5591,321,7,16,0,19,0,19,37,47,56,66,115,117,28,35,101,83,1283,219,410,151,521,157,488,155,1550,292,838,267,97,77,60,61
0600000US0901337910,0901337910,"Hebron town, Tolland County, Connecticut",6432,202,3163,134,10,14,0,17,1,2,43,34,7,11,23,23,6,10,16,18,617,142,144,59,412,111,307,113,888,148,558,129,67,37,64,40,3269,140,25,26,0,17,0,17,7,10,13,20,54,56,8,13,18,21,616,137,163,66,244,83,422,128,1010,158,582,113,58,31,49,37
0600000US0901344910,0901344910,"Mansfield town, Tolland County, Connecticut",7802,567,3851,336,17,16,13,16,4,9,26,36,0,22,48,38,32,40,51,33,762,148,216,101,331,119,283,106,726,191,551,133,196,73,595,118,3951,322,30,47,0,22,0,22,35,35,16,21,47,34,13,21,72,49,742,146,140,66,440,135,224,86,1048,159,887,153,58,47,199,64
0600000US0901369220,0901369220,"Somers town, Tolland County, Connecticut",8319,189,4963,183,22,27,25,22,39,32,129,63,104,68,205,70,139,65,98,56,1733,239,370,104,609,150,304,87,704,130,356,83,89,41,37,28,3356,140,32,28,9,13,7,11,0,19,29,21,13,20,72,67,19,25,919,147,252,115,352,91,427,106,655,118,463,112,79,40,28,26
0600000US0901372090,0901372090,"Stafford town, Tolland County, Connecticut",7843,244,3507,181,34,30,1,3,30,44,37,37,18,20,135,85,67,53,77,64,1405,168,265,85,470,121,274,95,521,132,154,54,19,18,0,19,4336,197,33,28,6,14,0,19,56,50,93,68,133,82,91,46,77,51,1378,178,274,88,646,161,543,135,613,150,312,78,31,20,50,47
0600000US0901376290,0901376290,"Tolland town, Tolland County, Connecticut",9825,290,4824,195,37,45,0,19,2,5,35,47,17,29,26,33,28,32,26,30,1385,234,212,110,597,159,259,106,1295,223,638,166,101,87,166,84,5001,200,20,28,0,19,0,19,14,23,17,27,31,28,0,19,34,38,987,202,484,147,503,182,783,181,1171,225,856,168,57,48,44,44
0600000US0901377830,0901377830,"Union town, Tolland County, Connecticut",647,84,330,46,0,12,2,4,2,4,3,5,0,12,0,12,0,12,2,3,121,29,18,10,61,24,24,11,64,18,25,14,2,4,6,6,317,45,0,12,0,12,7,12,2,3,0,12,3,5,0,12,2,4,87,28,30,14,41,16,41,20,75,28,16,11,1,3,12,12
0600000US0901378250,0901378250,"Vernon town, Tolland County, Connecticut",21451,445,10443,442,32,33,53,71,38,35,143,79,74,50,197,94,55,36,192,95,3269,393,565,153,1171,254,846,202,2395,297,1018,214,223,92,172,105,11008,351,85,45,97,86,26,34,168,96,56,44,161,110,127,65,89,48,3244,314,691,176,1451,233,1130,239,2102,265,1292,212,184,85,105,57
0600000US0901385950,0901385950,"Willington town, Tolland County, Connecticut",3862,327,1994,226,0,17,0,17,102,135,0,17,15,23,19,32,0,17,0,17,724,164,152,74,263,131,224,138,244,105,180,88,16,26,55,56,1868,205,22,30,0,17,0,17,0,17,22,35,41,45,27,41,7,17,511,143,123,115,206,91,134,68,499,130,276,123,0,17,0,17
0600000US0901501430,0901501430,"Ashford town, Windham County, Connecticut",3145,136,1590,118,1,4,0,12,0,12,27,31,16,23,35,32,23,26,28,36,416,102,31,27,327,102,123,64,389,99,105,43,24,26,45,31,1555,127,0,12,0,12,0,12,16,18,7,12,6,10,7,11,21,18,405,82,165,75,180,72,134,56,316,77,248,75,23,21,27,26
0600000US0901509190,0901509190,"Brooklyn town, Windham County, Connecticut",5896,372,3156,259,49,45,7,14,14,13,96,70,54,58,78,70,118,82,43,42,1015,211,248,86,400,156,347,170,361,145,261,132,7,14,58,50,2740,234,0,17,0,17,0,17,43,44,40,50,24,27,33,30,59,51,835,168,129,80,343,129,331,128,597,183,258,100,48,46,0,17
0600000US0901512130,0901512130,"Canterbury town, Windham County, Connecticut",3621,132,1761,131,8,13,0,17,0,17,19,17,0,17,54,34,23,20,0,17,704,123,133,63,288,90,233,72,224,73,45,30,30,33,0,17,1860,85,0,17,17,18,0,17,10,15,0,17,32,24,46,53,7,12,667,119,123,49,244,89,258,101,318,82,138,70,0,17,0,17
0600000US0901513810,0901513810,"Chaplin town, Windham County, Connecticut",1701,112,921,81,4,6,0,12,0,12,4,7,9,10,24,22,34,28,20,22,451,73,26,17,104,50,49,28,126,53,50,25,0,12,20,12,780,61,0,12,0,12,0,12,15,15,7,10,3,6,17,15,12,13,245,60,52,37,144,52,34,19,136,41,91,42,9,9,15,12
0600000US0901521860,0901521860,"Eastford town, Windham County, Connecticut",1298,77,651,44,2,5,0,12,0,12,11,12,11,10,10,11,0,12,7,10,227,45,15,11,141,44,43,20,100,24,50,19,16,10,18,14,647,56,0,12,4,8,0,12,12,13,0,12,0,12,0,12,3,4,149,42,56,24,113,39,92,32,131,33,79,26,5,7,3,4
0600000US0901536000,0901536000,"Hampton town, Windham County, Connecticut",1347,76,656,54,4,5,0,12,0,12,3,4,12,8,8,10,15,10,7,7,283,51,32,17,66,31,77,30,73,31,37,18,17,13,22,11,691,53,3,4,0,12,0,12,10,7,0,12,0,12,2,4,2,3,207,39,53,25,119,30,53,23,110,29,111,31,16,9,5,4
0600000US0901540500,0901540500,"Killingly town, Windham County, Connecticut",12245,278,5874,289,119,87,0,19,18,31,147,74,145,106,128,72,85,69,219,106,2183,369,428,155,852,240,512,185,751,215,247,120,10,15,30,33,6371,274,114,74,0,19,33,41,156,85,80,88,99,54,153,95,133,70,1860,275,618,158,677,243,835,185,971,233,642,188,0,19,0,19
0600000US0901559980,0901559980,"Plainfield town, Windham County, Connecticut",10912,273,5331,247,103,94,16,26,68,85,115,91,155,98,199,107,72,33,108,61,2429,302,530,128,678,181,285,101,357,138,201,101,15,23,0,19,5581,233,49,34,0,19,5,11,134,71,141,99,71,57,111,77,165,80,2146,308,694,151,667,208,455,151,548,160,305,130,36,33,54,50
0600000US0901561030,0901561030,"Pomfret town, Windham County, Connecticut",2867,157,1520,147,10,13,0,12,0,12,59,73,0,12,56,56,9,14,20,25,506,123,112,67,146,63,74,46,313,95,129,50,48,31,38,32,1347,132,0,12,0,12,0,12,42,45,14,15,6,10,16,19,14,18,200,79,109,55,220,80,154,69,300,101,190,99,71,50,11,17
0600000US0901562710,0901562710,"Putnam town, Windham County, Connecticut",6620,380,3116,305,39,38,0,17,0,17,59,40,31,32,82,51,119,85,16,24,1051,219,323,120,556,193,261,129,407,133,95,52,39,29,38,28,3504,228,60,48,4,9,0,17,25,26,11,11,54,48,37,36,74,51,1099,203,394,130,356,143,547,185,480,133,268,88,33,33,62,51
0600000US0901567400,0901567400,"Scotland town, Windham County, Connecticut",1215,117,648,83,0,12,0,12,3,6,5,6,0,12,23,22,5,7,18,13,190,41,29,14,166,72,53,25,93,41,22,19,5,5,36,30,567,57,2,4,0,12,0,12,0,12,4,5,7,7,0,12,7,8,186,45,24,13,93,37,54,24,123,34,54,35,0,12,13,19
0600000US0901573420,0901573420,"Sterling town, Windham County, Connecticut",2543,132,1281,119,7,12,0,12,0,12,11,17,0,12,80,103,29,27,19,20,658,145,159,78,103,48,86,50,89,55,40,41,0,12,0,12,1262,100,5,8,0,12,0,12,0,12,21,33,56,46,25,22,24,22,494,123,31,28,246,108,172,78,126,74,62,36,0,12,0,12
0600000US0901575870,0901575870,"Thompson town, Windham County, Connecticut",6872,245,3368,182,21,30,0,17,25,26,189,133,79,69,99,65,82,48,80,40,1016,185,214,79,495,139,302,105,555,132,166,66,29,25,16,19,3504,203,0,17,0,17,26,61,60,58,35,47,184,81,50,33,27,26,958,177,165,64,533,127,487,141,484,95,422,130,48,33,25,24
0600000US0901586790,0901586790,"Windham town, Windham County, Connecticut",14455,433,6444,312,56,42,7,13,194,93,385,128,120,78,232,95,206,77,101,64,2214,244,219,76,1099,203,335,112,705,224,428,136,49,41,94,51,8011,334,106,62,53,61,179,85,276,134,183,82,365,155,151,86,145,86,2615,342,522,175,1241,231,576,174,938,228,493,123,77,49,91,58
0600000US0901588190,0901588190,"Woodstock town, Windham County, Connecticut",5840,222,2868,164,0,17,0,17,0,17,0,17,56,42,32,38,15,22,38,45,800,218,275,119,326,130,241,144,664,212,252,114,62,49,107,74,2972,204,0,17,0,17,0,17,0,17,0,17,24,38,0,17,43,48,614,157,269,108,388,134,230,115,890,225,394,130,75,43,45,35
